<?xml version="1.0"?>
<ArrayOfQuestion>
<Question>
<Text>В Японии ученики на доске пишут кисточкой с цветными чернилами?</Text>
<TrueFalse>true</TrueFalse>
</Question>

<Question>
<Text>В Австралии практикуется применение одноразовых школьных досок?</Text>
<TrueFalse>false</TrueFalse>
</Question>

<Question>
<Text>Авторучка была изобретена еще в Древнем Египте?</Text>
<TrueFalse>true</TrueFalse>
</Question>

<Question>
<Text>Шариковая ручка сначала применялась только военными летчиками?</Text>
<TrueFalse>true</TrueFalse>
</Question>

<Question>
<Text>В Африке выпускаются витаминизированные карандаши для детей, имеющих обыкновение грызть что попало?</Text>
<TrueFalse>true</TrueFalse>
</Question>

<Question>
<Text>В некоторые виды цветных карандашей добавляется экстракт моркови для большей прочности грифеля?</Text>
<TrueFalse>false</TrueFalse>
</Question>

<Question>
<Text>Римляне носили штаны?</Text>
<TrueFalse>false</TrueFalse>
</Question>

<Question>
<Text>Если пчела ужалит кого-либо, то она погибнет?</Text>
<TrueFalse>true</TrueFalse>
</Question>

<Question>
<Text>Правда ли что, пауки питаются собственной паутиной?</Text>
<TrueFalse>true</TrueFalse>
</Question>

<Question>
<Text>В одном корейском цирке двух крокодилов научили танцевать вальс?</Text>
<TrueFalse>false</TrueFalse>
</Question>

<Question>
<Text>На зиму пингвины улетают на север?</Text>
<TrueFalse>false</TrueFalse>
</Question>

<Question>
<Text>Если камбалу положить на шахматную доску, она тоже станет клетчатой?</Text>
<TrueFalse>true</TrueFalse>
</Question>

<Question>
<Text>Спартанские воины перед битвой опрыскивали волосы духами?</Text>
<TrueFalse>true</TrueFalse>
</Question>

<Question>
<Text>Мыши подрастая становятся крысами?</Text>
<TrueFalse>false</TrueFalse>
</Question>

<Question>
<Text>Некоторые лягушки умеют летать?</Text>
<TrueFalse>true</TrueFalse>
</Question>

<Question>
<Text>Дети могут слышать более высокие звуки, чем взрослые?</Text>
<TrueFalse>true</TrueFalse>
</Question>

<Question>
<Text>Глаз наполнен воздухом?</Text>
<TrueFalse>false</TrueFalse>
</Question>

<Question>
<Text>Утром вы выше ростом, чем вечером?</Text>
<TrueFalse>true</TrueFalse>
</Question>

<Question>
<Text>В некоторых местах люди по-прежнему моются с помощью оливкового масла?</Text>
<TrueFalse>true</TrueFalse>
</Question>

<Question>
<Text>Летучие мыши могут принимать радиосигналы?</Text>
<TrueFalse>false</TrueFalse>
</Question>

<Question>
<Text>Совы не могут вращать глазами?</Text>
<TrueFalse>true</TrueFalse>
</Question>

<Question>
<Text>Лось является разновидностью оленя?</Text>
<TrueFalse>true</TrueFalse>
</Question>

<Question>
<Text>Жирафы по ночам отыскивают с помощью эха листья, которыми питаются?</Text>
<TrueFalse>false</TrueFalse>
</Question>

<Question>
<Text>Дельфины — это маленькие киты?</Text>
<TrueFalse>true</TrueFalse>
</Question>

<Question>
<Text>Рог носорога обладает магической силой?</Text>
<TrueFalse>false</TrueFalse>
</Question>

<Question>
<Text>В некоторых странах жуков-светляков используют в качестве осветительных приборов?</Text>
<TrueFalse>true</TrueFalse>
</Question>

<Question>
<Text>Мартышка обычно бывает размером с котенка?</Text>
<TrueFalse>true</TrueFalse>
</Question>

<Question>
<Text>Счастливая монета Скруджа была достоинством в 10 центов?</Text>
<TrueFalse>true</TrueFalse>
</Question>

<Question>
<Text>Дуремар занимался продажей лягушек?</Text>
<TrueFalse>false</TrueFalse>
</Question>

<Question>
<Text>Мойву эскимосы сушат и едят вместо хлеба?</Text>
<TrueFalse>true</TrueFalse>
</Question>

<Question>
<Text>Радугу можно увидеть и в полночь?</Text>
<TrueFalse>true</TrueFalse>
</Question>

<Question>
<Text>Больше всего репы выращивают в России?</Text>
<TrueFalse>false</TrueFalse>
</Question>

<Question>
<Text>Слон, встречаясь с незнакомым сородичем, здоровается следующим образом — кладет ему хобот в рот?</Text>
<TrueFalse>true</TrueFalse>
</Question>

<Question>
<Text>Настоящее имя Ганса Христиана Андерсена было Свенсен?</Text>
<TrueFalse>false</TrueFalse>
</Question>

<Question>
<Text>В медицине диагноз «синдром Мюнхгаузена» ставится пациенту, который много врет?</Text>
<TrueFalse>false</TrueFalse>
</Question>

<Question>
<Text>Рост Конька — Горбунка составляет два вершка?</Text>
<TrueFalse>false</TrueFalse>
</Question>

<Question>
<Text>Первое место среди причин гибели от несчастных случаев в Японии в 1995г заняли туфли на высоком каблуке?</Text>
<TrueFalse>true</TrueFalse>
</Question>
</ArrayOfQuestion>
